Section Code,Section Name,SIC Code,Description,gics_map,etf_ticker
A,"Agriculture, Forestry and Fishing",1110,"Growing of cereals (except rice), leguminous crops and oil seeds",Consumer Staples,XLP
A,"Agriculture, Forestry and Fishing",1120,Growing of rice,Consumer Staples,XLP
A,"Agriculture, Forestry and Fishing",1130,"Growing of vegetables and melons, roots and tubers",Consumer Staples,XLP
A,"Agriculture, Forestry and Fishing",1140,Growing of sugar cane,Consumer Staples,XLP
A,"Agriculture, Forestry and Fishing",1150,Growing of tobacco,Consumer Staples,XLP
A,"Agriculture, Forestry and Fishing",1160,Growing of fibre crops,Consumer Staples,XLP
A,"Agriculture, Forestry and Fishing",1190,Growing of other non-perennial crops,Consumer Staples,XLP
A,"Agriculture, Forestry and Fishing",1210,Growing of grapes,Consumer Staples,XLP
A,"Agriculture, Forestry and Fishing",1220,Growing of tropical and subtropical fruits,Consumer Staples,XLP
A,"Agriculture, Forestry and Fishing",1230,Growing of citrus fruits,Consumer Staples,XLP
A,"Agriculture, Forestry and Fishing",1240,Growing of pome fruits and stone fruits,Consumer Staples,XLP
A,"Agriculture, Forestry and Fishing",1250,Growing of other tree and bush fruits and nuts,Consumer Staples,XLP
A,"Agriculture, Forestry and Fishing",1260,Growing of oleaginous fruits,Consumer Staples,XLP
A,"Agriculture, Forestry and Fishing",1270,Growing of beverage crops,Consumer Staples,XLP
A,"Agriculture, Forestry and Fishing",1280,"Growing of spices, aromatic, drug and pharmaceutical crops",Consumer Staples,XLP
A,"Agriculture, Forestry and Fishing",1290,Growing of other perennial crops,Consumer Staples,XLP
A,"Agriculture, Forestry and Fishing",1300,Plant propagation,Consumer Staples,XLP
A,"Agriculture, Forestry and Fishing",1410,Raising of dairy cattle,Consumer Staples,XLP
A,"Agriculture, Forestry and Fishing",1420,Raising of other cattle and buffaloes,Consumer Staples,XLP
A,"Agriculture, Forestry and Fishing",1430,Raising of horses and other equines,Consumer Staples,XLP
A,"Agriculture, Forestry and Fishing",1440,Raising of camels and camelids,Consumer Staples,XLP
A,"Agriculture, Forestry and Fishing",1450,Raising of sheep and goats,Consumer Staples,XLP
A,"Agriculture, Forestry and Fishing",1460,Raising of swine/pigs,Consumer Staples,XLP
A,"Agriculture, Forestry and Fishing",1470,Raising of poultry,Consumer Staples,XLP
A,"Agriculture, Forestry and Fishing",1490,Raising of other animals,Consumer Staples,XLP
A,"Agriculture, Forestry and Fishing",1500,Mixed farming,Consumer Staples,XLP
A,"Agriculture, Forestry and Fishing",1610,Support activities for crop production,Consumer Staples,XLP
A,"Agriculture, Forestry and Fishing",1621,Farm animal boarding and care,Consumer Staples,XLP
A,"Agriculture, Forestry and Fishing",1629,Support activities for animal production (other than farm animal boarding and care) n.e.c.,Consumer Staples,XLP
A,"Agriculture, Forestry and Fishing",1630,Post-harvest crop activities,Consumer Staples,XLP
A,"Agriculture, Forestry and Fishing",1640,Seed processing for propagation,Consumer Staples,XLP
A,"Agriculture, Forestry and Fishing",1700,"Hunting, trapping and related service activities",Consumer Staples,XLP
A,"Agriculture, Forestry and Fishing",2100,Silviculture and other forestry activities,Consumer Staples,XLP
A,"Agriculture, Forestry and Fishing",2200,Logging,Consumer Staples,XLP
A,"Agriculture, Forestry and Fishing",2300,Gathering of wild growing non-wood products,Consumer Staples,XLP
A,"Agriculture, Forestry and Fishing",2400,Support services to forestry,Consumer Staples,XLP
A,"Agriculture, Forestry and Fishing",3110,Marine fishing,Consumer Staples,XLP
A,"Agriculture, Forestry and Fishing",3120,Freshwater fishing,Consumer Staples,XLP
A,"Agriculture, Forestry and Fishing",3210,Marine aquaculture,Consumer Staples,XLP
A,"Agriculture, Forestry and Fishing",3220,Freshwater aquaculture,Consumer Staples,XLP
B,Mining and Quarrying,5101,Deep coal mines,"Energy, Materials","XLE, XLB"
B,Mining and Quarrying,5102,Open cast coal working,"Energy, Materials","XLE, XLB"
B,Mining and Quarrying,5200,Mining of lignite,"Energy, Materials","XLE, XLB"
B,Mining and Quarrying,6100,Extraction of crude petroleum,"Energy, Materials","XLE, XLB"
B,Mining and Quarrying,6200,Extraction of natural gas,"Energy, Materials","XLE, XLB"
B,Mining and Quarrying,7100,Mining of iron ores,"Energy, Materials","XLE, XLB"
B,Mining and Quarrying,7210,Mining of uranium and thorium ores,"Energy, Materials","XLE, XLB"
B,Mining and Quarrying,7290,Mining of other non-ferrous metal ores,"Energy, Materials","XLE, XLB"
B,Mining and Quarrying,8110,"Quarrying of ornamental and building stone, limestone, gypsum, chalk and slate","Energy, Materials","XLE, XLB"
B,Mining and Quarrying,8120,Operation of gravel and sand pits; mining of clays and kaolin,"Energy, Materials","XLE, XLB"
B,Mining and Quarrying,8910,Mining of chemical and fertilizer minerals,"Energy, Materials","XLE, XLB"
B,Mining and Quarrying,8920,Extraction of peat,"Energy, Materials","XLE, XLB"
B,Mining and Quarrying,8930,Extraction of salt,"Energy, Materials","XLE, XLB"
B,Mining and Quarrying,8990,Other mining and quarrying n.e.c.,"Energy, Materials","XLE, XLB"
B,Mining and Quarrying,9100,Support activities for petroleum and natural gas mining,"Energy, Materials","XLE, XLB"
B,Mining and Quarrying,9900,Support activities for other mining and quarrying,"Energy, Materials","XLE, XLB"
C,Manufacturing,10110,Processing and preserving of meat,"Industrials, Materials, Consumer Staples, Consumer Discretionary","XLI, XLB, XLP, XLY"
C,Manufacturing,10120,Processing and preserving of poultry meat,"Industrials, Materials, Consumer Staples, Consumer Discretionary","XLI, XLB, XLP, XLY"
C,Manufacturing,10130,Production of meat and poultry meat products,"Industrials, Materials, Consumer Staples, Consumer Discretionary","XLI, XLB, XLP, XLY"
C,Manufacturing,10200,"Processing and preserving of fish, crustaceans and molluscs","Industrials, Materials, Consumer Staples, Consumer Discretionary","XLI, XLB, XLP, XLY"
C,Manufacturing,10310,Processing and preserving of potatoes,"Industrials, Materials, Consumer Staples, Consumer Discretionary","XLI, XLB, XLP, XLY"
C,Manufacturing,10320,Manufacture of fruit and vegetable juice,"Industrials, Materials, Consumer Staples, Consumer Discretionary","XLI, XLB, XLP, XLY"
C,Manufacturing,10390,Other processing and preserving of fruit and vegetables,"Industrials, Materials, Consumer Staples, Consumer Discretionary","XLI, XLB, XLP, XLY"
C,Manufacturing,10410,Manufacture of oils and fats,"Industrials, Materials, Consumer Staples, Consumer Discretionary","XLI, XLB, XLP, XLY"
C,Manufacturing,10420,Manufacture of margarine and similar edible fats,"Industrials, Materials, Consumer Staples, Consumer Discretionary","XLI, XLB, XLP, XLY"
C,Manufacturing,10511,Liquid milk and cream production,"Industrials, Materials, Consumer Staples, Consumer Discretionary","XLI, XLB, XLP, XLY"
C,Manufacturing,10512,Butter and cheese production,"Industrials, Materials, Consumer Staples, Consumer Discretionary","XLI, XLB, XLP, XLY"
C,Manufacturing,10519,Manufacture of other milk products,"Industrials, Materials, Consumer Staples, Consumer Discretionary","XLI, XLB, XLP, XLY"
C,Manufacturing,10520,Manufacture of ice cream,"Industrials, Materials, Consumer Staples, Consumer Discretionary","XLI, XLB, XLP, XLY"
C,Manufacturing,10611,Grain milling,"Industrials, Materials, Consumer Staples, Consumer Discretionary","XLI, XLB, XLP, XLY"
C,Manufacturing,10612,Manufacture of breakfast cereals and cereals-based food,"Industrials, Materials, Consumer Staples, Consumer Discretionary","XLI, XLB, XLP, XLY"
C,Manufacturing,10620,Manufacture of starches and starch products,"Industrials, Materials, Consumer Staples, Consumer Discretionary","XLI, XLB, XLP, XLY"
C,Manufacturing,10710,Manufacture of bread; manufacture of fresh pastry goods and cakes,"Industrials, Materials, Consumer Staples, Consumer Discretionary","XLI, XLB, XLP, XLY"
C,Manufacturing,10720,Manufacture of rusks and biscuits; manufacture of preserved pastry goods and cakes,"Industrials, Materials, Consumer Staples, Consumer Discretionary","XLI, XLB, XLP, XLY"
C,Manufacturing,10730,"Manufacture of macaroni, noodles, couscous and similar farinaceous products","Industrials, Materials, Consumer Staples, Consumer Discretionary","XLI, XLB, XLP, XLY"
C,Manufacturing,10810,Manufacture of sugar,"Industrials, Materials, Consumer Staples, Consumer Discretionary","XLI, XLB, XLP, XLY"
C,Manufacturing,10821,Manufacture of cocoa and chocolate confectionery,"Industrials, Materials, Consumer Staples, Consumer Discretionary","XLI, XLB, XLP, XLY"
C,Manufacturing,10822,Manufacture of sugar confectionery,"Industrials, Materials, Consumer Staples, Consumer Discretionary","XLI, XLB, XLP, XLY"
C,Manufacturing,10831,Tea processing,"Industrials, Materials, Consumer Staples, Consumer Discretionary","XLI, XLB, XLP, XLY"
C,Manufacturing,10832,Production of coffee and coffee substitutes,"Industrials, Materials, Consumer Staples, Consumer Discretionary","XLI, XLB, XLP, XLY"
C,Manufacturing,10840,Manufacture of condiments and seasonings,"Industrials, Materials, Consumer Staples, Consumer Discretionary","XLI, XLB, XLP, XLY"
C,Manufacturing,10850,Manufacture of prepared meals and dishes,"Industrials, Materials, Consumer Staples, Consumer Discretionary","XLI, XLB, XLP, XLY"
C,Manufacturing,10860,Manufacture of homogenized food preparations and dietetic food,"Industrials, Materials, Consumer Staples, Consumer Discretionary","XLI, XLB, XLP, XLY"
C,Manufacturing,10890,Manufacture of other food products n.e.c.,"Industrials, Materials, Consumer Staples, Consumer Discretionary","XLI, XLB, XLP, XLY"
C,Manufacturing,10910,Manufacture of prepared feeds for farm animals,"Industrials, Materials, Consumer Staples, Consumer Discretionary","XLI, XLB, XLP, XLY"
C,Manufacturing,10920,Manufacture of prepared pet foods,"Industrials, Materials, Consumer Staples, Consumer Discretionary","XLI, XLB, XLP, XLY"
C,Manufacturing,11010,"Distilling, rectifying and blending of spirits","Industrials, Materials, Consumer Staples, Consumer Discretionary","XLI, XLB, XLP, XLY"
C,Manufacturing,11020,Manufacture of wine from grape,"Industrials, Materials, Consumer Staples, Consumer Discretionary","XLI, XLB, XLP, XLY"
C,Manufacturing,11030,Manufacture of cider and other fruit wines,"Industrials, Materials, Consumer Staples, Consumer Discretionary","XLI, XLB, XLP, XLY"
C,Manufacturing,11040,Manufacture of other non-distilled fermented beverages,"Industrials, Materials, Consumer Staples, Consumer Discretionary","XLI, XLB, XLP, XLY"
C,Manufacturing,11050,Manufacture of beer,"Industrials, Materials, Consumer Staples, Consumer Discretionary","XLI, XLB, XLP, XLY"
C,Manufacturing,11060,Manufacture of malt,"Industrials, Materials, Consumer Staples, Consumer Discretionary","XLI, XLB, XLP, XLY"
C,Manufacturing,11070,Manufacture of soft drinks; production of mineral waters and other bottled waters,"Industrials, Materials, Consumer Staples, Consumer Discretionary","XLI, XLB, XLP, XLY"
C,Manufacturing,12000,Manufacture of tobacco products,"Industrials, Materials, Consumer Staples, Consumer Discretionary","XLI, XLB, XLP, XLY"
C,Manufacturing,13100,Preparation and spinning of textile fibres,"Industrials, Materials, Consumer Staples, Consumer Discretionary","XLI, XLB, XLP, XLY"
C,Manufacturing,13200,Weaving of textiles,"Industrials, Materials, Consumer Staples, Consumer Discretionary","XLI, XLB, XLP, XLY"
C,Manufacturing,13300,Finishing of textiles,"Industrials, Materials, Consumer Staples, Consumer Discretionary","XLI, XLB, XLP, XLY"
C,Manufacturing,13910,Manufacture of knitted and crocheted fabrics,"Industrials, Materials, Consumer Staples, Consumer Discretionary","XLI, XLB, XLP, XLY"
C,Manufacturing,13921,Manufacture of soft furnishings,"Industrials, Materials, Consumer Staples, Consumer Discretionary","XLI, XLB, XLP, XLY"
C,Manufacturing,13922,"manufacture of canvas goods, sacks, etc.","Industrials, Materials, Consumer Staples, Consumer Discretionary","XLI, XLB, XLP, XLY"
C,Manufacturing,13923,manufacture of household textiles,"Industrials, Materials, Consumer Staples, Consumer Discretionary","XLI, XLB, XLP, XLY"
C,Manufacturing,13931,Manufacture of woven or tufted carpets and rugs,"Industrials, Materials, Consumer Staples, Consumer Discretionary","XLI, XLB, XLP, XLY"
C,Manufacturing,13939,Manufacture of other carpets and rugs,"Industrials, Materials, Consumer Staples, Consumer Discretionary","XLI, XLB, XLP, XLY"
C,Manufacturing,13940,"Manufacture of cordage, rope, twine and netting","Industrials, Materials, Consumer Staples, Consumer Discretionary","XLI, XLB, XLP, XLY"
C,Manufacturing,13950,"Manufacture of non-wovens and articles made from non-wovens, except apparel","Industrials, Materials, Consumer Staples, Consumer Discretionary","XLI, XLB, XLP, XLY"
C,Manufacturing,13960,Manufacture of other technical and industrial textiles,"Industrials, Materials, Consumer Staples, Consumer Discretionary","XLI, XLB, XLP, XLY"
C,Manufacturing,13990,Manufacture of other textiles n.e.c.,"Industrials, Materials, Consumer Staples, Consumer Discretionary","XLI, XLB, XLP, XLY"
C,Manufacturing,14110,Manufacture of leather clothes,"Industrials, Materials, Consumer Staples, Consumer Discretionary","XLI, XLB, XLP, XLY"
C,Manufacturing,14120,Manufacture of workwear,"Industrials, Materials, Consumer Staples, Consumer Discretionary","XLI, XLB, XLP, XLY"
C,Manufacturing,14131,Manufacture of other men's outerwear,"Industrials, Materials, Consumer Staples, Consumer Discretionary","XLI, XLB, XLP, XLY"
C,Manufacturing,14132,Manufacture of other women's outerwear,"Industrials, Materials, Consumer Staples, Consumer Discretionary","XLI, XLB, XLP, XLY"
C,Manufacturing,14141,Manufacture of men's underwear,"Industrials, Materials, Consumer Staples, Consumer Discretionary","XLI, XLB, XLP, XLY"
C,Manufacturing,14142,Manufacture of women's underwear,"Industrials, Materials, Consumer Staples, Consumer Discretionary","XLI, XLB, XLP, XLY"
C,Manufacturing,14190,Manufacture of other wearing apparel and accessories n.e.c.,"Industrials, Materials, Consumer Staples, Consumer Discretionary","XLI, XLB, XLP, XLY"
C,Manufacturing,14200,Manufacture of articles of fur,"Industrials, Materials, Consumer Staples, Consumer Discretionary","XLI, XLB, XLP, XLY"
C,Manufacturing,14310,Manufacture of knitted and crocheted hosiery,"Industrials, Materials, Consumer Staples, Consumer Discretionary","XLI, XLB, XLP, XLY"
C,Manufacturing,14390,Manufacture of other knitted and crocheted apparel,"Industrials, Materials, Consumer Staples, Consumer Discretionary","XLI, XLB, XLP, XLY"
C,Manufacturing,15110,Tanning and dressing of leather; dressing and dyeing of fur,"Industrials, Materials, Consumer Staples, Consumer Discretionary","XLI, XLB, XLP, XLY"
C,Manufacturing,15120,"Manufacture of luggage, handbags and the like, saddlery and harness","Industrials, Materials, Consumer Staples, Consumer Discretionary","XLI, XLB, XLP, XLY"
C,Manufacturing,15200,Manufacture of footwear,"Industrials, Materials, Consumer Staples, Consumer Discretionary","XLI, XLB, XLP, XLY"
C,Manufacturing,16100,Sawmilling and planing of wood,"Industrials, Materials, Consumer Staples, Consumer Discretionary","XLI, XLB, XLP, XLY"
C,Manufacturing,16210,Manufacture of veneer sheets and wood-based panels,"Industrials, Materials, Consumer Staples, Consumer Discretionary","XLI, XLB, XLP, XLY"
C,Manufacturing,16220,Manufacture of assembled parquet floors,"Industrials, Materials, Consumer Staples, Consumer Discretionary","XLI, XLB, XLP, XLY"
C,Manufacturing,16230,Manufacture of other builders' carpentry and joinery,"Industrials, Materials, Consumer Staples, Consumer Discretionary","XLI, XLB, XLP, XLY"
C,Manufacturing,16240,Manufacture of wooden containers,"Industrials, Materials, Consumer Staples, Consumer Discretionary","XLI, XLB, XLP, XLY"
C,Manufacturing,16290,"Manufacture of other products of wood; manufacture of articles of cork, straw and plaiting materials","Industrials, Materials, Consumer Staples, Consumer Discretionary","XLI, XLB, XLP, XLY"
C,Manufacturing,17110,Manufacture of pulp,"Industrials, Materials, Consumer Staples, Consumer Discretionary","XLI, XLB, XLP, XLY"
C,Manufacturing,17120,Manufacture of paper and paperboard,"Industrials, Materials, Consumer Staples, Consumer Discretionary","XLI, XLB, XLP, XLY"
C,Manufacturing,17211,"Manufacture of corrugated paper and paperboard, sacks and bags","Industrials, Materials, Consumer Staples, Consumer Discretionary","XLI, XLB, XLP, XLY"
C,Manufacturing,17219,Manufacture of other paper and paperboard containers,"Industrials, Materials, Consumer Staples, Consumer Discretionary","XLI, XLB, XLP, XLY"
C,Manufacturing,17220,Manufacture of household and sanitary goods and of toilet requisites,"Industrials, Materials, Consumer Staples, Consumer Discretionary","XLI, XLB, XLP, XLY"
C,Manufacturing,17230,Manufacture of paper stationery,"Industrials, Materials, Consumer Staples, Consumer Discretionary","XLI, XLB, XLP, XLY"
C,Manufacturing,17240,Manufacture of wallpaper,"Industrials, Materials, Consumer Staples, Consumer Discretionary","XLI, XLB, XLP, XLY"
C,Manufacturing,17290,Manufacture of other articles of paper and paperboard n.e.c.,"Industrials, Materials, Consumer Staples, Consumer Discretionary","XLI, XLB, XLP, XLY"
C,Manufacturing,18110,Printing of newspapers,"Industrials, Materials, Consumer Staples, Consumer Discretionary","XLI, XLB, XLP, XLY"
C,Manufacturing,18121,Manufacture of printed labels,"Industrials, Materials, Consumer Staples, Consumer Discretionary","XLI, XLB, XLP, XLY"
C,Manufacturing,18129,Printing n.e.c.,"Industrials, Materials, Consumer Staples, Consumer Discretionary","XLI, XLB, XLP, XLY"
C,Manufacturing,18130,Pre-press and pre-media services,"Industrials, Materials, Consumer Staples, Consumer Discretionary","XLI, XLB, XLP, XLY"
C,Manufacturing,18140,Binding and related services,"Industrials, Materials, Consumer Staples, Consumer Discretionary","XLI, XLB, XLP, XLY"
C,Manufacturing,18201,Reproduction of sound recording,"Industrials, Materials, Consumer Staples, Consumer Discretionary","XLI, XLB, XLP, XLY"
C,Manufacturing,18202,Reproduction of video recording,"Industrials, Materials, Consumer Staples, Consumer Discretionary","XLI, XLB, XLP, XLY"
C,Manufacturing,18203,Reproduction of computer media,"Industrials, Materials, Consumer Staples, Consumer Discretionary","XLI, XLB, XLP, XLY"
C,Manufacturing,19100,Manufacture of coke oven products,"Industrials, Materials, Consumer Staples, Consumer Discretionary","XLI, XLB, XLP, XLY"
C,Manufacturing,19201,Mineral oil refining,"Industrials, Materials, Consumer Staples, Consumer Discretionary","XLI, XLB, XLP, XLY"
C,Manufacturing,19209,Other treatment of petroleum products (excluding petrochemicals manufacture),"Industrials, Materials, Consumer Staples, Consumer Discretionary","XLI, XLB, XLP, XLY"
C,Manufacturing,20110,Manufacture of industrial gases,"Industrials, Materials, Consumer Staples, Consumer Discretionary","XLI, XLB, XLP, XLY"
C,Manufacturing,20120,Manufacture of dyes and pigments,"Industrials, Materials, Consumer Staples, Consumer Discretionary","XLI, XLB, XLP, XLY"
C,Manufacturing,20130,Manufacture of other inorganic basic chemicals,"Industrials, Materials, Consumer Staples, Consumer Discretionary","XLI, XLB, XLP, XLY"
C,Manufacturing,20140,Manufacture of other organic basic chemicals,"Industrials, Materials, Consumer Staples, Consumer Discretionary","XLI, XLB, XLP, XLY"
C,Manufacturing,20150,Manufacture of fertilizers and nitrogen compounds,"Industrials, Materials, Consumer Staples, Consumer Discretionary","XLI, XLB, XLP, XLY"
C,Manufacturing,20160,Manufacture of plastics in primary forms,"Industrials, Materials, Consumer Staples, Consumer Discretionary","XLI, XLB, XLP, XLY"
C,Manufacturing,20170,Manufacture of synthetic rubber in primary forms,"Industrials, Materials, Consumer Staples, Consumer Discretionary","XLI, XLB, XLP, XLY"
C,Manufacturing,20200,Manufacture of pesticides and other agrochemical products,"Industrials, Materials, Consumer Staples, Consumer Discretionary","XLI, XLB, XLP, XLY"
C,Manufacturing,20301,"Manufacture of paints, varnishes and similar coatings, mastics and sealants","Industrials, Materials, Consumer Staples, Consumer Discretionary","XLI, XLB, XLP, XLY"
C,Manufacturing,20302,Manufacture of printing ink,"Industrials, Materials, Consumer Staples, Consumer Discretionary","XLI, XLB, XLP, XLY"
C,Manufacturing,20411,Manufacture of soap and detergents,"Industrials, Materials, Consumer Staples, Consumer Discretionary","XLI, XLB, XLP, XLY"
C,Manufacturing,20412,Manufacture of cleaning and polishing preparations,"Industrials, Materials, Consumer Staples, Consumer Discretionary","XLI, XLB, XLP, XLY"
C,Manufacturing,20420,Manufacture of perfumes and toilet preparations,"Industrials, Materials, Consumer Staples, Consumer Discretionary","XLI, XLB, XLP, XLY"
C,Manufacturing,20510,Manufacture of explosives,"Industrials, Materials, Consumer Staples, Consumer Discretionary","XLI, XLB, XLP, XLY"
C,Manufacturing,20520,Manufacture of glues,"Industrials, Materials, Consumer Staples, Consumer Discretionary","XLI, XLB, XLP, XLY"
C,Manufacturing,20530,Manufacture of essential oils,"Industrials, Materials, Consumer Staples, Consumer Discretionary","XLI, XLB, XLP, XLY"
C,Manufacturing,20590,Manufacture of other chemical products n.e.c.,"Industrials, Materials, Consumer Staples, Consumer Discretionary","XLI, XLB, XLP, XLY"
C,Manufacturing,20600,Manufacture of man-made fibres,"Industrials, Materials, Consumer Staples, Consumer Discretionary","XLI, XLB, XLP, XLY"
C,Manufacturing,21100,Manufacture of basic pharmaceutical products,"Industrials, Materials, Consumer Staples, Consumer Discretionary","XLI, XLB, XLP, XLY"
C,Manufacturing,21200,Manufacture of pharmaceutical preparations,"Industrials, Materials, Consumer Staples, Consumer Discretionary","XLI, XLB, XLP, XLY"
C,Manufacturing,22110,Manufacture of rubber tyres and tubes; retreading and rebuilding of rubber tyres,"Industrials, Materials, Consumer Staples, Consumer Discretionary","XLI, XLB, XLP, XLY"
C,Manufacturing,22190,Manufacture of other rubber products,"Industrials, Materials, Consumer Staples, Consumer Discretionary","XLI, XLB, XLP, XLY"
C,Manufacturing,22210,"Manufacture of plastic plates, sheets, tubes and profiles","Industrials, Materials, Consumer Staples, Consumer Discretionary","XLI, XLB, XLP, XLY"
C,Manufacturing,22220,Manufacture of plastic packing goods,"Industrials, Materials, Consumer Staples, Consumer Discretionary","XLI, XLB, XLP, XLY"
C,Manufacturing,22230,Manufacture of builders ware of plastic,"Industrials, Materials, Consumer Staples, Consumer Discretionary","XLI, XLB, XLP, XLY"
C,Manufacturing,22290,Manufacture of other plastic products,"Industrials, Materials, Consumer Staples, Consumer Discretionary","XLI, XLB, XLP, XLY"
C,Manufacturing,23110,Manufacture of flat glass,"Industrials, Materials, Consumer Staples, Consumer Discretionary","XLI, XLB, XLP, XLY"
C,Manufacturing,23120,Shaping and processing of flat glass,"Industrials, Materials, Consumer Staples, Consumer Discretionary","XLI, XLB, XLP, XLY"
C,Manufacturing,23130,Manufacture of hollow glass,"Industrials, Materials, Consumer Staples, Consumer Discretionary","XLI, XLB, XLP, XLY"
C,Manufacturing,23140,Manufacture of glass fibres,"Industrials, Materials, Consumer Staples, Consumer Discretionary","XLI, XLB, XLP, XLY"
C,Manufacturing,23190,"Manufacture and processing of other glass, including technical glassware","Industrials, Materials, Consumer Staples, Consumer Discretionary","XLI, XLB, XLP, XLY"
C,Manufacturing,23200,Manufacture of refractory products,"Industrials, Materials, Consumer Staples, Consumer Discretionary","XLI, XLB, XLP, XLY"
C,Manufacturing,23310,Manufacture of ceramic tiles and flags,"Industrials, Materials, Consumer Staples, Consumer Discretionary","XLI, XLB, XLP, XLY"
C,Manufacturing,23320,"Manufacture of bricks, tiles and construction products, in baked clay","Industrials, Materials, Consumer Staples, Consumer Discretionary","XLI, XLB, XLP, XLY"
C,Manufacturing,23410,Manufacture of ceramic household and ornamental articles,"Industrials, Materials, Consumer Staples, Consumer Discretionary","XLI, XLB, XLP, XLY"
C,Manufacturing,23420,Manufacture of ceramic sanitary fixtures,"Industrials, Materials, Consumer Staples, Consumer Discretionary","XLI, XLB, XLP, XLY"
C,Manufacturing,23430,Manufacture of ceramic insulators and insulating fittings,"Industrials, Materials, Consumer Staples, Consumer Discretionary","XLI, XLB, XLP, XLY"
C,Manufacturing,23440,Manufacture of other technical ceramic products,"Industrials, Materials, Consumer Staples, Consumer Discretionary","XLI, XLB, XLP, XLY"
C,Manufacturing,23490,Manufacture of other ceramic products n.e.c.,"Industrials, Materials, Consumer Staples, Consumer Discretionary","XLI, XLB, XLP, XLY"
C,Manufacturing,23510,Manufacture of cement,"Industrials, Materials, Consumer Staples, Consumer Discretionary","XLI, XLB, XLP, XLY"
C,Manufacturing,23520,Manufacture of lime and plaster,"Industrials, Materials, Consumer Staples, Consumer Discretionary","XLI, XLB, XLP, XLY"
C,Manufacturing,23610,Manufacture of concrete products for construction purposes,"Industrials, Materials, Consumer Staples, Consumer Discretionary","XLI, XLB, XLP, XLY"
C,Manufacturing,23620,Manufacture of plaster products for construction purposes,"Industrials, Materials, Consumer Staples, Consumer Discretionary","XLI, XLB, XLP, XLY"
C,Manufacturing,23630,Manufacture of ready-mixed concrete,"Industrials, Materials, Consumer Staples, Consumer Discretionary","XLI, XLB, XLP, XLY"
C,Manufacturing,23640,Manufacture of mortars,"Industrials, Materials, Consumer Staples, Consumer Discretionary","XLI, XLB, XLP, XLY"
C,Manufacturing,23650,Manufacture of fibre cement,"Industrials, Materials, Consumer Staples, Consumer Discretionary","XLI, XLB, XLP, XLY"
C,Manufacturing,23690,"Manufacture of other articles of concrete, plaster and cement","Industrials, Materials, Consumer Staples, Consumer Discretionary","XLI, XLB, XLP, XLY"
C,Manufacturing,23700,"Cutting, shaping and finishing of stone","Industrials, Materials, Consumer Staples, Consumer Discretionary","XLI, XLB, XLP, XLY"
C,Manufacturing,23910,Production of abrasive products,"Industrials, Materials, Consumer Staples, Consumer Discretionary","XLI, XLB, XLP, XLY"
C,Manufacturing,23990,Manufacture of other non-metallic mineral products n.e.c.,"Industrials, Materials, Consumer Staples, Consumer Discretionary","XLI, XLB, XLP, XLY"
C,Manufacturing,24100,Manufacture of basic iron and steel and of ferro-alloys,"Industrials, Materials, Consumer Staples, Consumer Discretionary","XLI, XLB, XLP, XLY"
C,Manufacturing,24200,"Manufacture of tubes, pipes, hollow profiles and related fittings, of steel","Industrials, Materials, Consumer Staples, Consumer Discretionary","XLI, XLB, XLP, XLY"
C,Manufacturing,24310,Cold drawing of bars,"Industrials, Materials, Consumer Staples, Consumer Discretionary","XLI, XLB, XLP, XLY"
C,Manufacturing,24320,Cold rolling of narrow strip,"Industrials, Materials, Consumer Staples, Consumer Discretionary","XLI, XLB, XLP, XLY"
C,Manufacturing,24330,Cold forming or folding,"Industrials, Materials, Consumer Staples, Consumer Discretionary","XLI, XLB, XLP, XLY"
C,Manufacturing,24340,Cold drawing of wire,"Industrials, Materials, Consumer Staples, Consumer Discretionary","XLI, XLB, XLP, XLY"
C,Manufacturing,24410,Precious metals production,"Industrials, Materials, Consumer Staples, Consumer Discretionary","XLI, XLB, XLP, XLY"
C,Manufacturing,24420,Aluminium production,"Industrials, Materials, Consumer Staples, Consumer Discretionary","XLI, XLB, XLP, XLY"
C,Manufacturing,24430,"Lead, zinc and tin production","Industrials, Materials, Consumer Staples, Consumer Discretionary","XLI, XLB, XLP, XLY"
C,Manufacturing,24440,Copper production,"Industrials, Materials, Consumer Staples, Consumer Discretionary","XLI, XLB, XLP, XLY"
C,Manufacturing,24450,Other non-ferrous metal production,"Industrials, Materials, Consumer Staples, Consumer Discretionary","XLI, XLB, XLP, XLY"
C,Manufacturing,24460,Processing of nuclear fuel,"Industrials, Materials, Consumer Staples, Consumer Discretionary","XLI, XLB, XLP, XLY"
C,Manufacturing,24510,Casting of iron,"Industrials, Materials, Consumer Staples, Consumer Discretionary","XLI, XLB, XLP, XLY"
C,Manufacturing,24520,Casting of steel,"Industrials, Materials, Consumer Staples, Consumer Discretionary","XLI, XLB, XLP, XLY"
C,Manufacturing,24530,Casting of light metals,"Industrials, Materials, Consumer Staples, Consumer Discretionary","XLI, XLB, XLP, XLY"
C,Manufacturing,24540,Casting of other non-ferrous metals,"Industrials, Materials, Consumer Staples, Consumer Discretionary","XLI, XLB, XLP, XLY"
C,Manufacturing,25110,Manufacture of metal structures and parts of structures,"Industrials, Materials, Consumer Staples, Consumer Discretionary","XLI, XLB, XLP, XLY"
C,Manufacturing,25120,Manufacture of doors and windows of metal,"Industrials, Materials, Consumer Staples, Consumer Discretionary","XLI, XLB, XLP, XLY"
C,Manufacturing,25210,Manufacture of central heating radiators and boilers,"Industrials, Materials, Consumer Staples, Consumer Discretionary","XLI, XLB, XLP, XLY"
C,Manufacturing,25290,"Manufacture of other tanks, reservoirs and containers of metal","Industrials, Materials, Consumer Staples, Consumer Discretionary","XLI, XLB, XLP, XLY"
C,Manufacturing,25300,"Manufacture of steam generators, except central heating hot water boilers","Industrials, Materials, Consumer Staples, Consumer Discretionary","XLI, XLB, XLP, XLY"
C,Manufacturing,25400,Manufacture of weapons and ammunition,"Industrials, Materials, Consumer Staples, Consumer Discretionary","XLI, XLB, XLP, XLY"
C,Manufacturing,25500,"Forging, pressing, stamping and roll-forming of metal; powder metallurgy","Industrials, Materials, Consumer Staples, Consumer Discretionary","XLI, XLB, XLP, XLY"
C,Manufacturing,25610,Treatment and coating of metals,"Industrials, Materials, Consumer Staples, Consumer Discretionary","XLI, XLB, XLP, XLY"
C,Manufacturing,25620,Machining,"Industrials, Materials, Consumer Staples, Consumer Discretionary","XLI, XLB, XLP, XLY"
C,Manufacturing,25710,Manufacture of cutlery,"Industrials, Materials, Consumer Staples, Consumer Discretionary","XLI, XLB, XLP, XLY"
C,Manufacturing,25720,Manufacture of locks and hinges,"Industrials, Materials, Consumer Staples, Consumer Discretionary","XLI, XLB, XLP, XLY"
C,Manufacturing,25730,Manufacture of tools,"Industrials, Materials, Consumer Staples, Consumer Discretionary","XLI, XLB, XLP, XLY"
C,Manufacturing,25910,Manufacture of steel drums and similar containers,"Industrials, Materials, Consumer Staples, Consumer Discretionary","XLI, XLB, XLP, XLY"
C,Manufacturing,25920,Manufacture of light metal packaging,"Industrials, Materials, Consumer Staples, Consumer Discretionary","XLI, XLB, XLP, XLY"
C,Manufacturing,25930,"Manufacture of wire products, chain and springs","Industrials, Materials, Consumer Staples, Consumer Discretionary","XLI, XLB, XLP, XLY"
C,Manufacturing,25940,Manufacture of fasteners and screw machine products,"Industrials, Materials, Consumer Staples, Consumer Discretionary","XLI, XLB, XLP, XLY"
C,Manufacturing,25990,Manufacture of other fabricated metal products n.e.c.,"Industrials, Materials, Consumer Staples, Consumer Discretionary","XLI, XLB, XLP, XLY"
C,Manufacturing,26110,Manufacture of electronic components,"Industrials, Materials, Consumer Staples, Consumer Discretionary","XLI, XLB, XLP, XLY"
C,Manufacturing,26120,Manufacture of loaded electronic boards,"Industrials, Materials, Consumer Staples, Consumer Discretionary","XLI, XLB, XLP, XLY"
C,Manufacturing,26200,Manufacture of computers and peripheral equipment,"Industrials, Materials, Consumer Staples, Consumer Discretionary","XLI, XLB, XLP, XLY"
C,Manufacturing,26301,Manufacture of telegraph and telephone apparatus and equipment,"Industrials, Materials, Consumer Staples, Consumer Discretionary","XLI, XLB, XLP, XLY"
C,Manufacturing,26309,"Manufacture of communication equipment other than telegraph, and telephone apparatus and equipment","Industrials, Materials, Consumer Staples, Consumer Discretionary","XLI, XLB, XLP, XLY"
C,Manufacturing,26400,Manufacture of consumer electronics,"Industrials, Materials, Consumer Staples, Consumer Discretionary","XLI, XLB, XLP, XLY"
C,Manufacturing,26511,"Manufacture of electronic measuring, testing etc. equipment, not for industrial process control","Industrials, Materials, Consumer Staples, Consumer Discretionary","XLI, XLB, XLP, XLY"
C,Manufacturing,26512,Manufacture of electronic industrial process control equipment,"Industrials, Materials, Consumer Staples, Consumer Discretionary","XLI, XLB, XLP, XLY"
C,Manufacturing,26513,"Manufacture of non-electronic measuring, testing etc. equipment, not for industrial process control","Industrials, Materials, Consumer Staples, Consumer Discretionary","XLI, XLB, XLP, XLY"
C,Manufacturing,26514,Manufacture of non-electronic industrial process control equipment,"Industrials, Materials, Consumer Staples, Consumer Discretionary","XLI, XLB, XLP, XLY"
C,Manufacturing,26520,Manufacture of watches and clocks,"Industrials, Materials, Consumer Staples, Consumer Discretionary","XLI, XLB, XLP, XLY"
C,Manufacturing,26600,"Manufacture of irradiation, electromedical and electrotherapeutic equipment","Industrials, Materials, Consumer Staples, Consumer Discretionary","XLI, XLB, XLP, XLY"
C,Manufacturing,26701,Manufacture of optical precision instruments,"Industrials, Materials, Consumer Staples, Consumer Discretionary","XLI, XLB, XLP, XLY"
C,Manufacturing,26702,Manufacture of photographic and cinematographic equipment,"Industrials, Materials, Consumer Staples, Consumer Discretionary","XLI, XLB, XLP, XLY"
C,Manufacturing,26800,Manufacture of magnetic and optical media,"Industrials, Materials, Consumer Staples, Consumer Discretionary","XLI, XLB, XLP, XLY"
C,Manufacturing,27110,"Manufacture of electric motors, generators and transformers","Industrials, Materials, Consumer Staples, Consumer Discretionary","XLI, XLB, XLP, XLY"
C,Manufacturing,27120,Manufacture of electricity distribution and control apparatus,"Industrials, Materials, Consumer Staples, Consumer Discretionary","XLI, XLB, XLP, XLY"
C,Manufacturing,27200,Manufacture of batteries and accumulators,"Industrials, Materials, Consumer Staples, Consumer Discretionary","XLI, XLB, XLP, XLY"
C,Manufacturing,27310,Manufacture of fibre optic cables,"Industrials, Materials, Consumer Staples, Consumer Discretionary","XLI, XLB, XLP, XLY"
C,Manufacturing,27320,Manufacture of other electronic and electric wires and cables,"Industrials, Materials, Consumer Staples, Consumer Discretionary","XLI, XLB, XLP, XLY"
C,Manufacturing,27330,Manufacture of wiring devices,"Industrials, Materials, Consumer Staples, Consumer Discretionary","XLI, XLB, XLP, XLY"
C,Manufacturing,27400,Manufacture of electric lighting equipment,"Industrials, Materials, Consumer Staples, Consumer Discretionary","XLI, XLB, XLP, XLY"
C,Manufacturing,27510,Manufacture of electric domestic appliances,"Industrials, Materials, Consumer Staples, Consumer Discretionary","XLI, XLB, XLP, XLY"
C,Manufacturing,27520,Manufacture of non-electric domestic appliances,"Industrials, Materials, Consumer Staples, Consumer Discretionary","XLI, XLB, XLP, XLY"
C,Manufacturing,27900,Manufacture of other electrical equipment,"Industrials, Materials, Consumer Staples, Consumer Discretionary","XLI, XLB, XLP, XLY"
C,Manufacturing,28110,"Manufacture of engines and turbines, except aircraft, vehicle and cycle engines","Industrials, Materials, Consumer Staples, Consumer Discretionary","XLI, XLB, XLP, XLY"
C,Manufacturing,28120,Manufacture of fluid power equipment,"Industrials, Materials, Consumer Staples, Consumer Discretionary","XLI, XLB, XLP, XLY"
C,Manufacturing,28131,Manufacture of pumps,"Industrials, Materials, Consumer Staples, Consumer Discretionary","XLI, XLB, XLP, XLY"
C,Manufacturing,28132,Manufacture of compressors,"Industrials, Materials, Consumer Staples, Consumer Discretionary","XLI, XLB, XLP, XLY"
C,Manufacturing,28140,Manufacture of taps and valves,"Industrials, Materials, Consumer Staples, Consumer Discretionary","XLI, XLB, XLP, XLY"
C,Manufacturing,28150,"Manufacture of bearings, gears, gearing and driving elements","Industrials, Materials, Consumer Staples, Consumer Discretionary","XLI, XLB, XLP, XLY"
C,Manufacturing,28210,"Manufacture of ovens, furnaces and furnace burners","Industrials, Materials, Consumer Staples, Consumer Discretionary","XLI, XLB, XLP, XLY"
C,Manufacturing,28220,Manufacture of lifting and handling equipment,"Industrials, Materials, Consumer Staples, Consumer Discretionary","XLI, XLB, XLP, XLY"
C,Manufacturing,28230,Manufacture of office machinery and equipment (except computers and peripheral equipment),"Industrials, Materials, Consumer Staples, Consumer Discretionary","XLI, XLB, XLP, XLY"
C,Manufacturing,28240,Manufacture of power-driven hand tools,"Industrials, Materials, Consumer Staples, Consumer Discretionary","XLI, XLB, XLP, XLY"
C,Manufacturing,28250,Manufacture of non-domestic cooling and ventilation equipment,"Industrials, Materials, Consumer Staples, Consumer Discretionary","XLI, XLB, XLP, XLY"
C,Manufacturing,28290,Manufacture of other general-purpose machinery n.e.c.,"Industrials, Materials, Consumer Staples, Consumer Discretionary","XLI, XLB, XLP, XLY"
C,Manufacturing,28301,Manufacture of agricultural tractors,"Industrials, Materials, Consumer Staples, Consumer Discretionary","XLI, XLB, XLP, XLY"
C,Manufacturing,28302,Manufacture of agricultural and forestry machinery other than tractors,"Industrials, Materials, Consumer Staples, Consumer Discretionary","XLI, XLB, XLP, XLY"
C,Manufacturing,28410,Manufacture of metal forming machinery,"Industrials, Materials, Consumer Staples, Consumer Discretionary","XLI, XLB, XLP, XLY"
C,Manufacturing,28490,Manufacture of other machine tools,"Industrials, Materials, Consumer Staples, Consumer Discretionary","XLI, XLB, XLP, XLY"
C,Manufacturing,28910,Manufacture of machinery for metallurgy,"Industrials, Materials, Consumer Staples, Consumer Discretionary","XLI, XLB, XLP, XLY"
C,Manufacturing,28921,Manufacture of machinery for mining,"Industrials, Materials, Consumer Staples, Consumer Discretionary","XLI, XLB, XLP, XLY"
C,Manufacturing,28922,Manufacture of earthmoving equipment,"Industrials, Materials, Consumer Staples, Consumer Discretionary","XLI, XLB, XLP, XLY"
C,Manufacturing,28923,Manufacture of equipment for concrete crushing and screening and roadworks,"Industrials, Materials, Consumer Staples, Consumer Discretionary","XLI, XLB, XLP, XLY"
C,Manufacturing,28930,"Manufacture of machinery for food, beverage and tobacco processing","Industrials, Materials, Consumer Staples, Consumer Discretionary","XLI, XLB, XLP, XLY"
C,Manufacturing,28940,"Manufacture of machinery for textile, apparel and leather production","Industrials, Materials, Consumer Staples, Consumer Discretionary","XLI, XLB, XLP, XLY"
C,Manufacturing,28950,Manufacture of machinery for paper and paperboard production,"Industrials, Materials, Consumer Staples, Consumer Discretionary","XLI, XLB, XLP, XLY"
C,Manufacturing,28960,Manufacture of plastics and rubber machinery,"Industrials, Materials, Consumer Staples, Consumer Discretionary","XLI, XLB, XLP, XLY"
C,Manufacturing,28990,Manufacture of other special-purpose machinery n.e.c.,"Industrials, Materials, Consumer Staples, Consumer Discretionary","XLI, XLB, XLP, XLY"
C,Manufacturing,29100,Manufacture of motor vehicles,"Industrials, Materials, Consumer Staples, Consumer Discretionary","XLI, XLB, XLP, XLY"
C,Manufacturing,29201,Manufacture of bodies (coachwork) for motor vehicles (except caravans),"Industrials, Materials, Consumer Staples, Consumer Discretionary","XLI, XLB, XLP, XLY"
C,Manufacturing,29202,Manufacture of trailers and semi-trailers,"Industrials, Materials, Consumer Staples, Consumer Discretionary","XLI, XLB, XLP, XLY"
C,Manufacturing,29203,Manufacture of caravans,"Industrials, Materials, Consumer Staples, Consumer Discretionary","XLI, XLB, XLP, XLY"
C,Manufacturing,29310,Manufacture of electrical and electronic equipment for motor vehicles and their engines,"Industrials, Materials, Consumer Staples, Consumer Discretionary","XLI, XLB, XLP, XLY"
C,Manufacturing,29320,Manufacture of other parts and accessories for motor vehicles,"Industrials, Materials, Consumer Staples, Consumer Discretionary","XLI, XLB, XLP, XLY"
C,Manufacturing,30110,Building of ships and floating structures,"Industrials, Materials, Consumer Staples, Consumer Discretionary","XLI, XLB, XLP, XLY"
C,Manufacturing,30120,Building of pleasure and sporting boats,"Industrials, Materials, Consumer Staples, Consumer Discretionary","XLI, XLB, XLP, XLY"
C,Manufacturing,30200,Manufacture of railway locomotives and rolling stock,"Industrials, Materials, Consumer Staples, Consumer Discretionary","XLI, XLB, XLP, XLY"
C,Manufacturing,30300,Manufacture of air and spacecraft and related machinery,"Industrials, Materials, Consumer Staples, Consumer Discretionary","XLI, XLB, XLP, XLY"
C,Manufacturing,30400,Manufacture of military fighting vehicles,"Industrials, Materials, Consumer Staples, Consumer Discretionary","XLI, XLB, XLP, XLY"
C,Manufacturing,30910,Manufacture of motorcycles,"Industrials, Materials, Consumer Staples, Consumer Discretionary","XLI, XLB, XLP, XLY"
C,Manufacturing,30920,Manufacture of bicycles and invalid carriages,"Industrials, Materials, Consumer Staples, Consumer Discretionary","XLI, XLB, XLP, XLY"
C,Manufacturing,30990,Manufacture of other transport equipment n.e.c.,"Industrials, Materials, Consumer Staples, Consumer Discretionary","XLI, XLB, XLP, XLY"
C,Manufacturing,31010,Manufacture of office and shop furniture,"Industrials, Materials, Consumer Staples, Consumer Discretionary","XLI, XLB, XLP, XLY"
C,Manufacturing,31020,Manufacture of kitchen furniture,"Industrials, Materials, Consumer Staples, Consumer Discretionary","XLI, XLB, XLP, XLY"
C,Manufacturing,31030,Manufacture of mattresses,"Industrials, Materials, Consumer Staples, Consumer Discretionary","XLI, XLB, XLP, XLY"
C,Manufacturing,31090,Manufacture of other furniture,"Industrials, Materials, Consumer Staples, Consumer Discretionary","XLI, XLB, XLP, XLY"
C,Manufacturing,32110,Striking of coins,"Industrials, Materials, Consumer Staples, Consumer Discretionary","XLI, XLB, XLP, XLY"
C,Manufacturing,32120,Manufacture of jewellery and related articles,"Industrials, Materials, Consumer Staples, Consumer Discretionary","XLI, XLB, XLP, XLY"
C,Manufacturing,32130,Manufacture of imitation jewellery and related articles,"Industrials, Materials, Consumer Staples, Consumer Discretionary","XLI, XLB, XLP, XLY"
C,Manufacturing,32200,Manufacture of musical instruments,"Industrials, Materials, Consumer Staples, Consumer Discretionary","XLI, XLB, XLP, XLY"
C,Manufacturing,32300,Manufacture of sports goods,"Industrials, Materials, Consumer Staples, Consumer Discretionary","XLI, XLB, XLP, XLY"
C,Manufacturing,32401,Manufacture of professional and arcade games and toys,"Industrials, Materials, Consumer Staples, Consumer Discretionary","XLI, XLB, XLP, XLY"
C,Manufacturing,32409,"Manufacture of other games and toys, n.e.c.","Industrials, Materials, Consumer Staples, Consumer Discretionary","XLI, XLB, XLP, XLY"
C,Manufacturing,32500,Manufacture of medical and dental instruments and supplies,"Industrials, Materials, Consumer Staples, Consumer Discretionary","XLI, XLB, XLP, XLY"
C,Manufacturing,32910,Manufacture of brooms and brushes,"Industrials, Materials, Consumer Staples, Consumer Discretionary","XLI, XLB, XLP, XLY"
C,Manufacturing,32990,Other manufacturing n.e.c.,"Industrials, Materials, Consumer Staples, Consumer Discretionary","XLI, XLB, XLP, XLY"
C,Manufacturing,33110,Repair of fabricated metal products,"Industrials, Materials, Consumer Staples, Consumer Discretionary","XLI, XLB, XLP, XLY"
C,Manufacturing,33120,Repair of machinery,"Industrials, Materials, Consumer Staples, Consumer Discretionary","XLI, XLB, XLP, XLY"
C,Manufacturing,33130,Repair of electronic and optical equipment,"Industrials, Materials, Consumer Staples, Consumer Discretionary","XLI, XLB, XLP, XLY"
C,Manufacturing,33140,Repair of electrical equipment,"Industrials, Materials, Consumer Staples, Consumer Discretionary","XLI, XLB, XLP, XLY"
C,Manufacturing,33150,Repair and maintenance of ships and boats,"Industrials, Materials, Consumer Staples, Consumer Discretionary","XLI, XLB, XLP, XLY"
C,Manufacturing,33160,Repair and maintenance of aircraft and spacecraft,"Industrials, Materials, Consumer Staples, Consumer Discretionary","XLI, XLB, XLP, XLY"
C,Manufacturing,33170,Repair and maintenance of other transport equipment n.e.c.,"Industrials, Materials, Consumer Staples, Consumer Discretionary","XLI, XLB, XLP, XLY"
C,Manufacturing,33190,Repair of other equipment,"Industrials, Materials, Consumer Staples, Consumer Discretionary","XLI, XLB, XLP, XLY"
C,Manufacturing,33200,Installation of industrial machinery and equipment,"Industrials, Materials, Consumer Staples, Consumer Discretionary","XLI, XLB, XLP, XLY"
D,"Electricity, gas, steam and air conditioning supply",35110,Production of electricity,Utilities,XLU
D,"Electricity, gas, steam and air conditioning supply",35120,Transmission of electricity,Utilities,XLU
D,"Electricity, gas, steam and air conditioning supply",35130,Distribution of electricity,Utilities,XLU
D,"Electricity, gas, steam and air conditioning supply",35140,Trade of electricity,Utilities,XLU
D,"Electricity, gas, steam and air conditioning supply",35210,Manufacture of gas,Utilities,XLU
D,"Electricity, gas, steam and air conditioning supply",35220,Distribution of gaseous fuels through mains,Utilities,XLU
D,"Electricity, gas, steam and air conditioning supply",35230,Trade of gas through mains,Utilities,XLU
D,"Electricity, gas, steam and air conditioning supply",35300,Steam and air conditioning supply,Utilities,XLU
E,"Water supply, sewerage, waste management and remediation activities",36000,"Water collection, treatment and supply",Utilities,XLU
E,"Water supply, sewerage, waste management and remediation activities",37000,Sewerage,Utilities,XLU
E,"Water supply, sewerage, waste management and remediation activities",38110,Collection of non-hazardous waste,Utilities,XLU
E,"Water supply, sewerage, waste management and remediation activities",38120,Collection of hazardous waste,Utilities,XLU
E,"Water supply, sewerage, waste management and remediation activities",38210,Treatment and disposal of non-hazardous waste,Utilities,XLU
E,"Water supply, sewerage, waste management and remediation activities",38220,Treatment and disposal of hazardous waste,Utilities,XLU
E,"Water supply, sewerage, waste management and remediation activities",38310,Dismantling of wrecks,Utilities,XLU
E,"Water supply, sewerage, waste management and remediation activities",38320,Recovery of sorted materials,Utilities,XLU
E,"Water supply, sewerage, waste management and remediation activities",39000,Remediation activities and other waste management services,Utilities,XLU
F,Construction,41100,Development of building projects,Industrials,XLI
F,Construction,41201,Construction of commercial buildings,Industrials,XLI
F,Construction,41202,Construction of domestic buildings,Industrials,XLI
F,Construction,42110,Construction of roads and motorways,Industrials,XLI
F,Construction,42120,Construction of railways and underground railways,Industrials,XLI
F,Construction,42130,Construction of bridges and tunnels,Industrials,XLI
F,Construction,42210,Construction of utility projects for fluids,Industrials,XLI
F,Construction,42220,Construction of utility projects for electricity and telecommunications,Industrials,XLI
F,Construction,42910,Construction of water projects,Industrials,XLI
F,Construction,42990,Construction of other civil engineering projects n.e.c.,Industrials,XLI
F,Construction,43110,Demolition,Industrials,XLI
F,Construction,43120,Site preparation,Industrials,XLI
F,Construction,43130,Test drilling and boring,Industrials,XLI
F,Construction,43210,Electrical installation,Industrials,XLI
F,Construction,43220,"Plumbing, heat and air-conditioning installation",Industrials,XLI
F,Construction,43290,Other construction installation,Industrials,XLI
F,Construction,43310,Plastering,Industrials,XLI
F,Construction,43320,Joinery installation,Industrials,XLI
F,Construction,43330,Floor and wall covering,Industrials,XLI
F,Construction,43341,Painting,Industrials,XLI
F,Construction,43342,Glazing,Industrials,XLI
F,Construction,43390,Other building completion and finishing,Industrials,XLI
F,Construction,43910,Roofing activities,Industrials,XLI
F,Construction,43991,Scaffold erection,Industrials,XLI
F,Construction,43999,Other specialised construction activities n.e.c.,Industrials,XLI
G,Wholesale and retail trade; repair of motor vehicles and motorcycles,45111,Sale of new cars and light motor vehicles,"Consumer Discretionary, Consumer Staples","XLY, XLP"
G,Wholesale and retail trade; repair of motor vehicles and motorcycles,45112,Sale of used cars and light motor vehicles,"Consumer Discretionary, Consumer Staples","XLY, XLP"
G,Wholesale and retail trade; repair of motor vehicles and motorcycles,45190,Sale of other motor vehicles,"Consumer Discretionary, Consumer Staples","XLY, XLP"
G,Wholesale and retail trade; repair of motor vehicles and motorcycles,45200,Maintenance and repair of motor vehicles,"Consumer Discretionary, Consumer Staples","XLY, XLP"
G,Wholesale and retail trade; repair of motor vehicles and motorcycles,45310,Wholesale trade of motor vehicle parts and accessories,"Consumer Discretionary, Consumer Staples","XLY, XLP"
G,Wholesale and retail trade; repair of motor vehicles and motorcycles,45320,Retail trade of motor vehicle parts and accessories,"Consumer Discretionary, Consumer Staples","XLY, XLP"
G,Wholesale and retail trade; repair of motor vehicles and motorcycles,45400,"Sale, maintenance and repair of motorcycles and related parts and accessories","Consumer Discretionary, Consumer Staples","XLY, XLP"
G,Wholesale and retail trade; repair of motor vehicles and motorcycles,46110,"Agents selling agricultural raw materials, livestock, textile raw materials and semi-finished goods","Consumer Discretionary, Consumer Staples","XLY, XLP"
G,Wholesale and retail trade; repair of motor vehicles and motorcycles,46120,"Agents involved in the sale of fuels, ores, metals and industrial chemicals","Consumer Discretionary, Consumer Staples","XLY, XLP"
G,Wholesale and retail trade; repair of motor vehicles and motorcycles,46130,Agents involved in the sale of timber and building materials,"Consumer Discretionary, Consumer Staples","XLY, XLP"
G,Wholesale and retail trade; repair of motor vehicles and motorcycles,46140,"Agents involved in the sale of machinery, industrial equipment, ships and aircraft","Consumer Discretionary, Consumer Staples","XLY, XLP"
G,Wholesale and retail trade; repair of motor vehicles and motorcycles,46150,"Agents involved in the sale of furniture, household goods, hardware and ironmongery","Consumer Discretionary, Consumer Staples","XLY, XLP"
G,Wholesale and retail trade; repair of motor vehicles and motorcycles,46160,"Agents involved in the sale of textiles, clothing, fur, footwear and leather goods","Consumer Discretionary, Consumer Staples","XLY, XLP"
G,Wholesale and retail trade; repair of motor vehicles and motorcycles,46170,"Agents involved in the sale of food, beverages and tobacco","Consumer Discretionary, Consumer Staples","XLY, XLP"
G,Wholesale and retail trade; repair of motor vehicles and motorcycles,46180,Agents specialised in the sale of other particular products,"Consumer Discretionary, Consumer Staples","XLY, XLP"
G,Wholesale and retail trade; repair of motor vehicles and motorcycles,46190,Agents involved in the sale of a variety of goods,"Consumer Discretionary, Consumer Staples","XLY, XLP"
G,Wholesale and retail trade; repair of motor vehicles and motorcycles,46210,"Wholesale of grain, unmanufactured tobacco, seeds and animal feeds","Consumer Discretionary, Consumer Staples","XLY, XLP"
G,Wholesale and retail trade; repair of motor vehicles and motorcycles,46220,Wholesale of flowers and plants,"Consumer Discretionary, Consumer Staples","XLY, XLP"
G,Wholesale and retail trade; repair of motor vehicles and motorcycles,46230,Wholesale of live animals,"Consumer Discretionary, Consumer Staples","XLY, XLP"
G,Wholesale and retail trade; repair of motor vehicles and motorcycles,46240,"Wholesale of hides, skins and leather","Consumer Discretionary, Consumer Staples","XLY, XLP"
G,Wholesale and retail trade; repair of motor vehicles and motorcycles,46310,Wholesale of fruit and vegetables,"Consumer Discretionary, Consumer Staples","XLY, XLP"
G,Wholesale and retail trade; repair of motor vehicles and motorcycles,46320,Wholesale of meat and meat products,"Consumer Discretionary, Consumer Staples","XLY, XLP"
G,Wholesale and retail trade; repair of motor vehicles and motorcycles,46330,"Wholesale of dairy products, eggs and edible oils and fats","Consumer Discretionary, Consumer Staples","XLY, XLP"
G,Wholesale and retail trade; repair of motor vehicles and motorcycles,46341,"Wholesale of fruit and vegetable juices, mineral water and soft drinks","Consumer Discretionary, Consumer Staples","XLY, XLP"
G,Wholesale and retail trade; repair of motor vehicles and motorcycles,46342,"Wholesale of wine, beer, spirits and other alcoholic beverages","Consumer Discretionary, Consumer Staples","XLY, XLP"
G,Wholesale and retail trade; repair of motor vehicles and motorcycles,46350,Wholesale of tobacco products,"Consumer Discretionary, Consumer Staples","XLY, XLP"
G,Wholesale and retail trade; repair of motor vehicles and motorcycles,46360,Wholesale of sugar and chocolate and sugar confectionery,"Consumer Discretionary, Consumer Staples","XLY, XLP"
G,Wholesale and retail trade; repair of motor vehicles and motorcycles,46370,"Wholesale of coffee, tea, cocoa and spices","Consumer Discretionary, Consumer Staples","XLY, XLP"
G,Wholesale and retail trade; repair of motor vehicles and motorcycles,46380,"Wholesale of other food, including fish, crustaceans and molluscs","Consumer Discretionary, Consumer Staples","XLY, XLP"
G,Wholesale and retail trade; repair of motor vehicles and motorcycles,46390,"Non-specialised wholesale of food, beverages and tobacco","Consumer Discretionary, Consumer Staples","XLY, XLP"
G,Wholesale and retail trade; repair of motor vehicles and motorcycles,46410,Wholesale of textiles,"Consumer Discretionary, Consumer Staples","XLY, XLP"
G,Wholesale and retail trade; repair of motor vehicles and motorcycles,46420,Wholesale of clothing and footwear,"Consumer Discretionary, Consumer Staples","XLY, XLP"
G,Wholesale and retail trade; repair of motor vehicles and motorcycles,46431,"Wholesale of audio tapes, records, CDs and video tapes and the equipment on which these are played","Consumer Discretionary, Consumer Staples","XLY, XLP"
G,Wholesale and retail trade; repair of motor vehicles and motorcycles,46439,"Wholesale of radio, television goods & electrical household appliances (other than records, tapes, CD's & video tapes and the equipment used for playing them)","Consumer Discretionary, Consumer Staples","XLY, XLP"
G,Wholesale and retail trade; repair of motor vehicles and motorcycles,46440,Wholesale of china and glassware and cleaning materials,"Consumer Discretionary, Consumer Staples","XLY, XLP"
G,Wholesale and retail trade; repair of motor vehicles and motorcycles,46450,Wholesale of perfume and cosmetics,"Consumer Discretionary, Consumer Staples","XLY, XLP"
G,Wholesale and retail trade; repair of motor vehicles and motorcycles,46460,Wholesale of pharmaceutical goods,"Consumer Discretionary, Consumer Staples","XLY, XLP"
G,Wholesale and retail trade; repair of motor vehicles and motorcycles,46470,"Wholesale of furniture, carpets and lighting equipment","Consumer Discretionary, Consumer Staples","XLY, XLP"
G,Wholesale and retail trade; repair of motor vehicles and motorcycles,46480,Wholesale of watches and jewellery,"Consumer Discretionary, Consumer Staples","XLY, XLP"
G,Wholesale and retail trade; repair of motor vehicles and motorcycles,46491,Wholesale of musical instruments,"Consumer Discretionary, Consumer Staples","XLY, XLP"
G,Wholesale and retail trade; repair of motor vehicles and motorcycles,46499,Wholesale of household goods (other than musical instruments) n.e.c,"Consumer Discretionary, Consumer Staples","XLY, XLP"
G,Wholesale and retail trade; repair of motor vehicles and motorcycles,46510,"Wholesale of computers, computer peripheral equipment and software","Consumer Discretionary, Consumer Staples","XLY, XLP"
G,Wholesale and retail trade; repair of motor vehicles and motorcycles,46520,Wholesale of electronic and telecommunications equipment and parts,"Consumer Discretionary, Consumer Staples","XLY, XLP"
G,Wholesale and retail trade; repair of motor vehicles and motorcycles,46610,"Wholesale of agricultural machinery, equipment and supplies","Consumer Discretionary, Consumer Staples","XLY, XLP"
G,Wholesale and retail trade; repair of motor vehicles and motorcycles,46620,Wholesale of machine tools,"Consumer Discretionary, Consumer Staples","XLY, XLP"
G,Wholesale and retail trade; repair of motor vehicles and motorcycles,46630,"Wholesale of mining, construction and civil engineering machinery","Consumer Discretionary, Consumer Staples","XLY, XLP"
G,Wholesale and retail trade; repair of motor vehicles and motorcycles,46640,Wholesale of machinery for the textile industry and of sewing and knitting machines,"Consumer Discretionary, Consumer Staples","XLY, XLP"
G,Wholesale and retail trade; repair of motor vehicles and motorcycles,46650,Wholesale of office furniture,"Consumer Discretionary, Consumer Staples","XLY, XLP"
G,Wholesale and retail trade; repair of motor vehicles and motorcycles,46660,Wholesale of other office machinery and equipment,"Consumer Discretionary, Consumer Staples","XLY, XLP"
G,Wholesale and retail trade; repair of motor vehicles and motorcycles,46690,Wholesale of other machinery and equipment,"Consumer Discretionary, Consumer Staples","XLY, XLP"
G,Wholesale and retail trade; repair of motor vehicles and motorcycles,46711,Wholesale of petroleum and petroleum products,"Consumer Discretionary, Consumer Staples","XLY, XLP"
G,Wholesale and retail trade; repair of motor vehicles and motorcycles,46719,Wholesale of other fuels and related products,"Consumer Discretionary, Consumer Staples","XLY, XLP"
G,Wholesale and retail trade; repair of motor vehicles and motorcycles,46720,Wholesale of metals and metal ores,"Consumer Discretionary, Consumer Staples","XLY, XLP"
G,Wholesale and retail trade; repair of motor vehicles and motorcycles,46730,"Wholesale of wood, construction materials and sanitary equipment","Consumer Discretionary, Consumer Staples","XLY, XLP"
G,Wholesale and retail trade; repair of motor vehicles and motorcycles,46740,"Wholesale of hardware, plumbing and heating equipment and supplies","Consumer Discretionary, Consumer Staples","XLY, XLP"
G,Wholesale and retail trade; repair of motor vehicles and motorcycles,46750,Wholesale of chemical products,"Consumer Discretionary, Consumer Staples","XLY, XLP"
G,Wholesale and retail trade; repair of motor vehicles and motorcycles,46760,Wholesale of other intermediate products,"Consumer Discretionary, Consumer Staples","XLY, XLP"
G,Wholesale and retail trade; repair of motor vehicles and motorcycles,46770,Wholesale of waste and scrap,"Consumer Discretionary, Consumer Staples","XLY, XLP"
G,Wholesale and retail trade; repair of motor vehicles and motorcycles,46900,Non-specialised wholesale trade,"Consumer Discretionary, Consumer Staples","XLY, XLP"
G,Wholesale and retail trade; repair of motor vehicles and motorcycles,47110,"Retail sale in non-specialised stores with food, beverages or tobacco predominating","Consumer Discretionary, Consumer Staples","XLY, XLP"
G,Wholesale and retail trade; repair of motor vehicles and motorcycles,47190,Other retail sale in non-specialised stores,"Consumer Discretionary, Consumer Staples","XLY, XLP"
G,Wholesale and retail trade; repair of motor vehicles and motorcycles,47210,Retail sale of fruit and vegetables in specialised stores,"Consumer Discretionary, Consumer Staples","XLY, XLP"
G,Wholesale and retail trade; repair of motor vehicles and motorcycles,47220,Retail sale of meat and meat products in specialised stores,"Consumer Discretionary, Consumer Staples","XLY, XLP"
G,Wholesale and retail trade; repair of motor vehicles and motorcycles,47230,"Retail sale of fish, crustaceans and molluscs in specialised stores","Consumer Discretionary, Consumer Staples","XLY, XLP"
G,Wholesale and retail trade; repair of motor vehicles and motorcycles,47240,"Retail sale of bread, cakes, flour confectionery and sugar confectionery in specialised stores","Consumer Discretionary, Consumer Staples","XLY, XLP"
G,Wholesale and retail trade; repair of motor vehicles and motorcycles,47250,Retail sale of beverages in specialised stores,"Consumer Discretionary, Consumer Staples","XLY, XLP"
G,Wholesale and retail trade; repair of motor vehicles and motorcycles,47260,Retail sale of tobacco products in specialised stores,"Consumer Discretionary, Consumer Staples","XLY, XLP"
G,Wholesale and retail trade; repair of motor vehicles and motorcycles,47290,Other retail sale of food in specialised stores,"Consumer Discretionary, Consumer Staples","XLY, XLP"
G,Wholesale and retail trade; repair of motor vehicles and motorcycles,47300,Retail sale of automotive fuel in specialised stores,"Consumer Discretionary, Consumer Staples","XLY, XLP"
G,Wholesale and retail trade; repair of motor vehicles and motorcycles,47410,"Retail sale of computers, peripheral units and software in specialised stores","Consumer Discretionary, Consumer Staples","XLY, XLP"
G,Wholesale and retail trade; repair of motor vehicles and motorcycles,47421,Retail sale of mobile telephones,"Consumer Discretionary, Consumer Staples","XLY, XLP"
G,Wholesale and retail trade; repair of motor vehicles and motorcycles,47429,Retail sale of telecommunications equipment other than mobile telephones,"Consumer Discretionary, Consumer Staples","XLY, XLP"
G,Wholesale and retail trade; repair of motor vehicles and motorcycles,47430,Retail sale of audio and video equipment in specialised stores,"Consumer Discretionary, Consumer Staples","XLY, XLP"
G,Wholesale and retail trade; repair of motor vehicles and motorcycles,47510,Retail sale of textiles in specialised stores,"Consumer Discretionary, Consumer Staples","XLY, XLP"
G,Wholesale and retail trade; repair of motor vehicles and motorcycles,47520,"Retail sale of hardware, paints and glass in specialised stores","Consumer Discretionary, Consumer Staples","XLY, XLP"
G,Wholesale and retail trade; repair of motor vehicles and motorcycles,47530,"Retail sale of carpets, rugs, wall and floor coverings in specialised stores","Consumer Discretionary, Consumer Staples","XLY, XLP"
G,Wholesale and retail trade; repair of motor vehicles and motorcycles,47540,Retail sale of electrical household appliances in specialised stores,"Consumer Discretionary, Consumer Staples","XLY, XLP"
G,Wholesale and retail trade; repair of motor vehicles and motorcycles,47591,Retail sale of musical instruments and scores,"Consumer Discretionary, Consumer Staples","XLY, XLP"
G,Wholesale and retail trade; repair of motor vehicles and motorcycles,47599,"Retail of furniture, lighting, and similar (not musical instruments or scores) in specialised store","Consumer Discretionary, Consumer Staples","XLY, XLP"
G,Wholesale and retail trade; repair of motor vehicles and motorcycles,47610,Retail sale of books in specialised stores,"Consumer Discretionary, Consumer Staples","XLY, XLP"
G,Wholesale and retail trade; repair of motor vehicles and motorcycles,47620,Retail sale of newspapers and stationery in specialised stores,"Consumer Discretionary, Consumer Staples","XLY, XLP"
G,Wholesale and retail trade; repair of motor vehicles and motorcycles,47630,Retail sale of music and video recordings in specialised stores,"Consumer Discretionary, Consumer Staples","XLY, XLP"
G,Wholesale and retail trade; repair of motor vehicles and motorcycles,47640,"Retail sale of sports goods, fishing gear, camping goods, boats and bicycles","Consumer Discretionary, Consumer Staples","XLY, XLP"
G,Wholesale and retail trade; repair of motor vehicles and motorcycles,47650,Retail sale of games and toys in specialised stores,"Consumer Discretionary, Consumer Staples","XLY, XLP"
G,Wholesale and retail trade; repair of motor vehicles and motorcycles,47710,Retail sale of clothing in specialised stores,"Consumer Discretionary, Consumer Staples","XLY, XLP"
G,Wholesale and retail trade; repair of motor vehicles and motorcycles,47721,Retail sale of footwear in specialised stores,"Consumer Discretionary, Consumer Staples","XLY, XLP"
G,Wholesale and retail trade; repair of motor vehicles and motorcycles,47722,Retail sale of leather goods in specialised stores,"Consumer Discretionary, Consumer Staples","XLY, XLP"
G,Wholesale and retail trade; repair of motor vehicles and motorcycles,47730,Dispensing chemist in specialised stores,"Consumer Discretionary, Consumer Staples","XLY, XLP"
G,Wholesale and retail trade; repair of motor vehicles and motorcycles,47741,Retail sale of hearing aids,"Consumer Discretionary, Consumer Staples","XLY, XLP"
G,Wholesale and retail trade; repair of motor vehicles and motorcycles,47749,Retail sale of medical and orthopaedic goods in specialised stores (not incl. hearing aids) n.e.c.,"Consumer Discretionary, Consumer Staples","XLY, XLP"
G,Wholesale and retail trade; repair of motor vehicles and motorcycles,47750,Retail sale of cosmetic and toilet articles in specialised stores,"Consumer Discretionary, Consumer Staples","XLY, XLP"
G,Wholesale and retail trade; repair of motor vehicles and motorcycles,47760,"Retail sale of flowers, plants, seeds, fertilizers, pet animals and pet food in specialised stores","Consumer Discretionary, Consumer Staples","XLY, XLP"
G,Wholesale and retail trade; repair of motor vehicles and motorcycles,47770,Retail sale of watches and jewellery in specialised stores,"Consumer Discretionary, Consumer Staples","XLY, XLP"
G,Wholesale and retail trade; repair of motor vehicles and motorcycles,47781,Retail sale in commercial art galleries,"Consumer Discretionary, Consumer Staples","XLY, XLP"
G,Wholesale and retail trade; repair of motor vehicles and motorcycles,47782,Retail sale by opticians,"Consumer Discretionary, Consumer Staples","XLY, XLP"
G,Wholesale and retail trade; repair of motor vehicles and motorcycles,47789,Other retail sale of new goods in specialised stores (not commercial art galleries and opticians),"Consumer Discretionary, Consumer Staples","XLY, XLP"
G,Wholesale and retail trade; repair of motor vehicles and motorcycles,47791,Retail sale of antiques including antique books in stores,"Consumer Discretionary, Consumer Staples","XLY, XLP"
G,Wholesale and retail trade; repair of motor vehicles and motorcycles,47799,Retail sale of other second-hand goods in stores (not incl. antiques),"Consumer Discretionary, Consumer Staples","XLY, XLP"
G,Wholesale and retail trade; repair of motor vehicles and motorcycles,47810,"Retail sale via stalls and markets of food, beverages and tobacco products","Consumer Discretionary, Consumer Staples","XLY, XLP"
G,Wholesale and retail trade; repair of motor vehicles and motorcycles,47820,"Retail sale via stalls and markets of textiles, clothing and footwear","Consumer Discretionary, Consumer Staples","XLY, XLP"
G,Wholesale and retail trade; repair of motor vehicles and motorcycles,47890,Retail sale via stalls and markets of other goods,"Consumer Discretionary, Consumer Staples","XLY, XLP"
G,Wholesale and retail trade; repair of motor vehicles and motorcycles,47910,Retail sale via mail order houses or via Internet,"Consumer Discretionary, Consumer Staples","XLY, XLP"
G,Wholesale and retail trade; repair of motor vehicles and motorcycles,47990,"Other retail sale not in stores, stalls or markets","Consumer Discretionary, Consumer Staples","XLY, XLP"
H,Transportation and storage,49100,"Passenger rail transport, interurban",Industrials,XLI
H,Transportation and storage,49200,Freight rail transport,Industrials,XLI
H,Transportation and storage,49311,"Urban and suburban passenger railway transportation by underground, metro and similar systems",Industrials,XLI
H,Transportation and storage,49319,"Other urban, suburban or metropolitan passenger land transport (not underground, metro or similar)",Industrials,XLI
H,Transportation and storage,49320,Taxi operation,Industrials,XLI
H,Transportation and storage,49390,Other passenger land transport,Industrials,XLI
H,Transportation and storage,49410,Freight transport by road,Industrials,XLI
H,Transportation and storage,49420,Removal services,Industrials,XLI
H,Transportation and storage,49500,Transport via pipeline,Industrials,XLI
H,Transportation and storage,50100,Sea and coastal passenger water transport,Industrials,XLI
H,Transportation and storage,50200,Sea and coastal freight water transport,Industrials,XLI
H,Transportation and storage,50300,Inland passenger water transport,Industrials,XLI
H,Transportation and storage,50400,Inland freight water transport,Industrials,XLI
H,Transportation and storage,51101,Scheduled passenger air transport,Industrials,XLI
H,Transportation and storage,51102,Non-scheduled passenger air transport,Industrials,XLI
H,Transportation and storage,51210,Freight air transport,Industrials,XLI
H,Transportation and storage,51220,Space transport,Industrials,XLI
H,Transportation and storage,52101,Operation of warehousing and storage facilities for water transport activities,Industrials,XLI
H,Transportation and storage,52102,Operation of warehousing and storage facilities for air transport activities,Industrials,XLI
H,Transportation and storage,52103,Operation of warehousing and storage facilities for land transport activities,Industrials,XLI
H,Transportation and storage,52211,Operation of rail freight terminals,Industrials,XLI
H,Transportation and storage,52212,Operation of rail passenger facilities at railway stations,Industrials,XLI
H,Transportation and storage,52213,Operation of bus and coach passenger facilities at bus and coach stations,Industrials,XLI
H,Transportation and storage,52219,"Other service activities incidental to land transportation, n.e.c.",Industrials,XLI
H,Transportation and storage,52220,Service activities incidental to water transportation,Industrials,XLI
H,Transportation and storage,52230,Service activities incidental to air transportation,Industrials,XLI
H,Transportation and storage,52241,Cargo handling for water transport activities,Industrials,XLI
H,Transportation and storage,52242,Cargo handling for air transport activities,Industrials,XLI
H,Transportation and storage,52243,Cargo handling for land transport activities,Industrials,XLI
H,Transportation and storage,52290,Other transportation support activities,Industrials,XLI
H,Transportation and storage,53100,Postal activities under universal service obligation,Industrials,XLI
H,Transportation and storage,53201,Licensed carriers,Industrials,XLI
H,Transportation and storage,53202,Unlicensed carriers,Industrials,XLI
I,Accommodation and food service activities,55100,Hotels and similar accommodation,Consumer Discretionary,XLY
I,Accommodation and food service activities,55201,Holiday centres and villages,Consumer Discretionary,XLY
I,Accommodation and food service activities,55202,Youth hostels,Consumer Discretionary,XLY
I,Accommodation and food service activities,55209,Other holiday and other collective accommodation,Consumer Discretionary,XLY
I,Accommodation and food service activities,55300,"Recreational vehicle parks, trailer parks and camping grounds",Consumer Discretionary,XLY
I,Accommodation and food service activities,55900,Other accommodation,Consumer Discretionary,XLY
I,Accommodation and food service activities,56101,Licenced restaurants,Consumer Discretionary,XLY
I,Accommodation and food service activities,56102,Unlicenced restaurants and cafes,Consumer Discretionary,XLY
I,Accommodation and food service activities,56103,Take-away food shops and mobile food stands,Consumer Discretionary,XLY
I,Accommodation and food service activities,56210,Event catering activities,Consumer Discretionary,XLY
I,Accommodation and food service activities,56290,Other food services,Consumer Discretionary,XLY
I,Accommodation and food service activities,56301,Licenced clubs,Consumer Discretionary,XLY
I,Accommodation and food service activities,56302,Public houses and bars,Consumer Discretionary,XLY
J,Information and communication,58110,Book publishing,"Information Technology, Communication Services","XLK, XLC"
J,Information and communication,58120,Publishing of directories and mailing lists,"Information Technology, Communication Services","XLK, XLC"
J,Information and communication,58130,Publishing of newspapers,"Information Technology, Communication Services","XLK, XLC"
J,Information and communication,58141,Publishing of learned journals,"Information Technology, Communication Services","XLK, XLC"
J,Information and communication,58142,Publishing of consumer and business journals and periodicals,"Information Technology, Communication Services","XLK, XLC"
J,Information and communication,58190,Other publishing activities,"Information Technology, Communication Services","XLK, XLC"
J,Information and communication,58210,Publishing of computer games,"Information Technology, Communication Services","XLK, XLC"
J,Information and communication,58290,Other software publishing,"Information Technology, Communication Services","XLK, XLC"
J,Information and communication,59111,Motion picture production activities,"Information Technology, Communication Services","XLK, XLC"
J,Information and communication,59112,Video production activities,"Information Technology, Communication Services","XLK, XLC"
J,Information and communication,59113,Television programme production activities,"Information Technology, Communication Services","XLK, XLC"
J,Information and communication,59120,"Motion picture, video and television programme post-production activities","Information Technology, Communication Services","XLK, XLC"
J,Information and communication,59131,Motion picture distribution activities,"Information Technology, Communication Services","XLK, XLC"
J,Information and communication,59132,Video distribution activities,"Information Technology, Communication Services","XLK, XLC"
J,Information and communication,59133,Television programme distribution activities,"Information Technology, Communication Services","XLK, XLC"
J,Information and communication,59140,Motion picture projection activities,"Information Technology, Communication Services","XLK, XLC"
J,Information and communication,59200,Sound recording and music publishing activities,"Information Technology, Communication Services","XLK, XLC"
J,Information and communication,60100,Radio broadcasting,"Information Technology, Communication Services","XLK, XLC"
J,Information and communication,60200,Television programming and broadcasting activities,"Information Technology, Communication Services","XLK, XLC"
J,Information and communication,61100,Wired telecommunications activities,"Information Technology, Communication Services","XLK, XLC"
J,Information and communication,61200,Wireless telecommunications activities,"Information Technology, Communication Services","XLK, XLC"
J,Information and communication,61300,Satellite telecommunications activities,"Information Technology, Communication Services","XLK, XLC"
J,Information and communication,61900,Other telecommunications activities,"Information Technology, Communication Services","XLK, XLC"
J,Information and communication,62011,Ready-made interactive leisure and entertainment software development,"Information Technology, Communication Services","XLK, XLC"
J,Information and communication,62012,Business and domestic software development,"Information Technology, Communication Services","XLK, XLC"
J,Information and communication,62020,Information technology consultancy activities,"Information Technology, Communication Services","XLK, XLC"
J,Information and communication,62030,Computer facilities management activities,"Information Technology, Communication Services","XLK, XLC"
J,Information and communication,62090,Other information technology service activities,"Information Technology, Communication Services","XLK, XLC"
J,Information and communication,63110,"Data processing, hosting and related activities","Information Technology, Communication Services","XLK, XLC"
J,Information and communication,63120,Web portals,"Information Technology, Communication Services","XLK, XLC"
J,Information and communication,63910,News agency activities,"Information Technology, Communication Services","XLK, XLC"
J,Information and communication,63990,Other information service activities n.e.c.,"Information Technology, Communication Services","XLK, XLC"
K,Financial and insurance activities,64110,Central banking,Financials,XLF
K,Financial and insurance activities,64191,Banks,Financials,XLF
K,Financial and insurance activities,64192,Building societies,Financials,XLF
K,Financial and insurance activities,64201,Activities of agricultural holding companies,Financials,XLF
K,Financial and insurance activities,64202,Activities of production holding companies,Financials,XLF
K,Financial and insurance activities,64203,Activities of construction holding companies,Financials,XLF
K,Financial and insurance activities,64204,Activities of distribution holding companies,Financials,XLF
K,Financial and insurance activities,64205,Activities of financial services holding companies,Financials,XLF
K,Financial and insurance activities,64209,Activities of other holding companies n.e.c.,Financials,XLF
K,Financial and insurance activities,64301,Activities of investment trusts,Financials,XLF
K,Financial and insurance activities,64302,Activities of unit trusts,Financials,XLF
K,Financial and insurance activities,64303,Activities of venture and development capital companies,Financials,XLF
K,Financial and insurance activities,64304,Activities of open-ended investment companies,Financials,XLF
K,Financial and insurance activities,64305,Activities of property unit trusts,Financials,XLF
K,Financial and insurance activities,64306,Activities of real estate investment trusts,Financials,XLF
K,Financial and insurance activities,64910,Financial leasing,Financials,XLF
K,Financial and insurance activities,64921,Credit granting by non-deposit taking finance houses and other specialist consumer credit grantors,Financials,XLF
K,Financial and insurance activities,64922,Activities of mortgage finance companies,Financials,XLF
K,Financial and insurance activities,64929,Other credit granting n.e.c.,Financials,XLF
K,Financial and insurance activities,64991,Security dealing on own account,Financials,XLF
K,Financial and insurance activities,64992,Factoring,Financials,XLF
K,Financial and insurance activities,64999,Financial intermediation not elsewhere classified,Financials,XLF
K,Financial and insurance activities,65110,Life insurance,Financials,XLF
K,Financial and insurance activities,65120,Non-life insurance,Financials,XLF
K,Financial and insurance activities,65201,Life reinsurance,Financials,XLF
K,Financial and insurance activities,65202,Non-life reinsurance,Financials,XLF
K,Financial and insurance activities,65300,Pension funding,Financials,XLF
K,Financial and insurance activities,66110,Administration of financial markets,Financials,XLF
K,Financial and insurance activities,66120,Security and commodity contracts dealing activities,Financials,XLF
K,Financial and insurance activities,66190,Activities auxiliary to financial intermediation n.e.c.,Financials,XLF
K,Financial and insurance activities,66210,Risk and damage evaluation,Financials,XLF
K,Financial and insurance activities,66220,Activities of insurance agents and brokers,Financials,XLF
K,Financial and insurance activities,66290,Other activities auxiliary to insurance and pension funding,Financials,XLF
K,Financial and insurance activities,66300,Fund management activities,Financials,XLF
L,Real estate activities,68100,Buying and selling of own real estate,Real Estate,XLRE
L,Real estate activities,68201,Renting and operating of Housing Association real estate,Real Estate,XLRE
L,Real estate activities,68202,Letting and operating of conference and exhibition centres,Real Estate,XLRE
L,Real estate activities,68209,Other letting and operating of own or leased real estate,Real Estate,XLRE
L,Real estate activities,68310,Real estate agencies,Real Estate,XLRE
L,Real estate activities,68320,Management of real estate on a fee or contract basis,Real Estate,XLRE
M,"Professional, scientific and technical activities",69101,Barristers at law,"Information Technology, Industrials","XLK, XLI"
M,"Professional, scientific and technical activities",69102,Solicitors,"Information Technology, Industrials","XLK, XLI"
M,"Professional, scientific and technical activities",69109,Activities of patent and copyright agents; other legal activities n.e.c.,"Information Technology, Industrials","XLK, XLI"
M,"Professional, scientific and technical activities",69201,Accounting and auditing activities,"Information Technology, Industrials","XLK, XLI"
M,"Professional, scientific and technical activities",69202,Bookkeeping activities,"Information Technology, Industrials","XLK, XLI"
M,"Professional, scientific and technical activities",69203,Tax consultancy,"Information Technology, Industrials","XLK, XLI"
M,"Professional, scientific and technical activities",70100,Activities of head offices,"Information Technology, Industrials","XLK, XLI"
M,"Professional, scientific and technical activities",70210,Public relations and communications activities,"Information Technology, Industrials","XLK, XLI"
M,"Professional, scientific and technical activities",70221,Financial management,"Information Technology, Industrials","XLK, XLI"
M,"Professional, scientific and technical activities",70229,Management consultancy activities other than financial management,"Information Technology, Industrials","XLK, XLI"
M,"Professional, scientific and technical activities",71111,Architectural activities,"Information Technology, Industrials","XLK, XLI"
M,"Professional, scientific and technical activities",71112,Urban planning and landscape architectural activities,"Information Technology, Industrials","XLK, XLI"
M,"Professional, scientific and technical activities",71121,Engineering design activities for industrial process and production,"Information Technology, Industrials","XLK, XLI"
M,"Professional, scientific and technical activities",71122,Engineering related scientific and technical consulting activities,"Information Technology, Industrials","XLK, XLI"
M,"Professional, scientific and technical activities",71129,Other engineering activities,"Information Technology, Industrials","XLK, XLI"
M,"Professional, scientific and technical activities",71200,Technical testing and analysis,"Information Technology, Industrials","XLK, XLI"
M,"Professional, scientific and technical activities",72110,Research and experimental development on biotechnology,"Information Technology, Industrials","XLK, XLI"
M,"Professional, scientific and technical activities",72190,Other research and experimental development on natural sciences and engineering,"Information Technology, Industrials","XLK, XLI"
M,"Professional, scientific and technical activities",72200,Research and experimental development on social sciences and humanities,"Information Technology, Industrials","XLK, XLI"
M,"Professional, scientific and technical activities",73110,Advertising agencies,"Information Technology, Industrials","XLK, XLI"
M,"Professional, scientific and technical activities",73120,Media representation services,"Information Technology, Industrials","XLK, XLI"
M,"Professional, scientific and technical activities",73200,Market research and public opinion polling,"Information Technology, Industrials","XLK, XLI"
M,"Professional, scientific and technical activities",74100,specialised design activities,"Information Technology, Industrials","XLK, XLI"
M,"Professional, scientific and technical activities",74201,Portrait photographic activities,"Information Technology, Industrials","XLK, XLI"
M,"Professional, scientific and technical activities",74202,Other specialist photography,"Information Technology, Industrials","XLK, XLI"
M,"Professional, scientific and technical activities",74203,Film processing,"Information Technology, Industrials","XLK, XLI"
M,"Professional, scientific and technical activities",74209,Photographic activities not elsewhere classified,"Information Technology, Industrials","XLK, XLI"
M,"Professional, scientific and technical activities",74300,Translation and interpretation activities,"Information Technology, Industrials","XLK, XLI"
M,"Professional, scientific and technical activities",74901,Environmental consulting activities,"Information Technology, Industrials","XLK, XLI"
M,"Professional, scientific and technical activities",74902,Quantity surveying activities,"Information Technology, Industrials","XLK, XLI"
M,"Professional, scientific and technical activities",74909,"Other professional, scientific and technical activities n.e.c.","Information Technology, Industrials","XLK, XLI"
M,"Professional, scientific and technical activities",74990,Non-trading company non trading,"Information Technology, Industrials","XLK, XLI"
M,"Professional, scientific and technical activities",75000,Veterinary activities,"Information Technology, Industrials","XLK, XLI"
N,Administrative and support service activities,77110,Renting and leasing of cars and light motor vehicles,Industrials,XLI
N,Administrative and support service activities,77120,Renting and leasing of trucks and other heavy vehicles,Industrials,XLI
N,Administrative and support service activities,77210,Renting and leasing of recreational and sports goods,Industrials,XLI
N,Administrative and support service activities,77220,Renting of video tapes and disks,Industrials,XLI
N,Administrative and support service activities,77291,Renting and leasing of media entertainment equipment,Industrials,XLI
N,Administrative and support service activities,77299,Renting and leasing of other personal and household goods,Industrials,XLI
N,Administrative and support service activities,77310,Renting and leasing of agricultural machinery and equipment,Industrials,XLI
N,Administrative and support service activities,77320,Renting and leasing of construction and civil engineering machinery and equipment,Industrials,XLI
N,Administrative and support service activities,77330,Renting and leasing of office machinery and equipment (including computers),Industrials,XLI
N,Administrative and support service activities,77341,Renting and leasing of passenger water transport equipment,Industrials,XLI
N,Administrative and support service activities,77342,Renting and leasing of freight water transport equipment,Industrials,XLI
N,Administrative and support service activities,77351,Renting and leasing of air passenger transport equipment,Industrials,XLI
N,Administrative and support service activities,77352,Renting and leasing of freight air transport equipment,Industrials,XLI
N,Administrative and support service activities,77390,"Renting and leasing of other machinery, equipment and tangible goods n.e.c.",Industrials,XLI
N,Administrative and support service activities,77400,"Leasing of intellectual property and similar products, except copyright works",Industrials,XLI
N,Administrative and support service activities,78101,"Motion picture, television and other theatrical casting activities",Industrials,XLI
N,Administrative and support service activities,78109,Other activities of employment placement agencies,Industrials,XLI
N,Administrative and support service activities,78200,Temporary employment agency activities,Industrials,XLI
N,Administrative and support service activities,78300,Human resources provision and management of human resources functions,Industrials,XLI
N,Administrative and support service activities,79110,Travel agency activities,Industrials,XLI
N,Administrative and support service activities,79120,Tour operator activities,Industrials,XLI
N,Administrative and support service activities,79901,Activities of tourist guides,Industrials,XLI
N,Administrative and support service activities,79909,Other reservation service activities n.e.c.,Industrials,XLI
N,Administrative and support service activities,80100,Private security activities,Industrials,XLI
N,Administrative and support service activities,80200,Security systems service activities,Industrials,XLI
N,Administrative and support service activities,80300,Investigation activities,Industrials,XLI
N,Administrative and support service activities,81100,Combined facilities support activities,Industrials,XLI
N,Administrative and support service activities,81210,General cleaning of buildings,Industrials,XLI
N,Administrative and support service activities,81221,Window cleaning services,Industrials,XLI
N,Administrative and support service activities,81222,Specialised cleaning services,Industrials,XLI
N,Administrative and support service activities,81223,Furnace and chimney cleaning services,Industrials,XLI
N,Administrative and support service activities,81229,Other building and industrial cleaning activities,Industrials,XLI
N,Administrative and support service activities,81291,Disinfecting and exterminating services,Industrials,XLI
N,Administrative and support service activities,81299,Other cleaning services,Industrials,XLI
N,Administrative and support service activities,81300,Landscape service activities,Industrials,XLI
N,Administrative and support service activities,82110,Combined office administrative service activities,Industrials,XLI
N,Administrative and support service activities,82190,"Photocopying, document preparation and other specialised office support activities",Industrials,XLI
N,Administrative and support service activities,82200,Activities of call centres,Industrials,XLI
N,Administrative and support service activities,82301,Activities of exhibition and fair organisers,Industrials,XLI
N,Administrative and support service activities,82302,Activities of conference organisers,Industrials,XLI
N,Administrative and support service activities,82911,Activities of collection agencies,Industrials,XLI
N,Administrative and support service activities,82912,Activities of credit bureaus,Industrials,XLI
N,Administrative and support service activities,82920,Packaging activities,Industrials,XLI
N,Administrative and support service activities,82990,Other business support service activities n.e.c.,Industrials,XLI
O,Public administration and defence; compulsory social security,84110,General public administration activities,Industrials,XLI
O,Public administration and defence; compulsory social security,84120,"Regulation of health care, education, cultural and other social services, not incl. social security",Industrials,XLI
O,Public administration and defence; compulsory social security,84130,Regulation of and contribution to more efficient operation of businesses,Industrials,XLI
O,Public administration and defence; compulsory social security,84210,Foreign affairs,Industrials,XLI
O,Public administration and defence; compulsory social security,84220,Defence activities,Industrials,XLI
O,Public administration and defence; compulsory social security,84230,Justice and judicial activities,Industrials,XLI
O,Public administration and defence; compulsory social security,84240,Public order and safety activities,Industrials,XLI
O,Public administration and defence; compulsory social security,84250,Fire service activities,Industrials,XLI
O,Public administration and defence; compulsory social security,84300,Compulsory social security activities,Industrials,XLI
P,Education,85100,Pre-primary education,Consumer Discretionary,XLY
P,Education,85200,Primary education,Consumer Discretionary,XLY
P,Education,85310,General secondary education,Consumer Discretionary,XLY
P,Education,85320,Technical and vocational secondary education,Consumer Discretionary,XLY
P,Education,85410,Post-secondary non-tertiary education,Consumer Discretionary,XLY
P,Education,85421,First-degree level higher education,Consumer Discretionary,XLY
P,Education,85422,Post-graduate level higher education,Consumer Discretionary,XLY
P,Education,85510,Sports and recreation education,Consumer Discretionary,XLY
P,Education,85520,Cultural education,Consumer Discretionary,XLY
P,Education,85530,Driving school activities,Consumer Discretionary,XLY
P,Education,85590,Other education n.e.c.,Consumer Discretionary,XLY
P,Education,85600,Educational support services,Consumer Discretionary,XLY
Q,Human health and social work activities,86101,Hospital activities,Health Care,XLV
Q,Human health and social work activities,86102,Medical nursing home activities,Health Care,XLV
Q,Human health and social work activities,86210,General medical practice activities,Health Care,XLV
Q,Human health and social work activities,86220,Specialists medical practice activities,Health Care,XLV
Q,Human health and social work activities,86230,Dental practice activities,Health Care,XLV
Q,Human health and social work activities,86900,Other human health activities,Health Care,XLV
Q,Human health and social work activities,87100,Residential nursing care facilities,Health Care,XLV
Q,Human health and social work activities,87200,"Residential care activities for learning difficulties, mental health and substance abuse",Health Care,XLV
Q,Human health and social work activities,87300,Residential care activities for the elderly and disabled,Health Care,XLV
Q,Human health and social work activities,87900,Other residential care activities n.e.c.,Health Care,XLV
Q,Human health and social work activities,88100,Social work activities without accommodation for the elderly and disabled,Health Care,XLV
Q,Human health and social work activities,88910,Child day-care activities,Health Care,XLV
Q,Human health and social work activities,88990,Other social work activities without accommodation n.e.c.,Health Care,XLV
R,"Arts, entertainment and recreation",90010,Performing arts,Consumer Discretionary,XLY
R,"Arts, entertainment and recreation",90020,Support activities to performing arts,Consumer Discretionary,XLY
R,"Arts, entertainment and recreation",90030,Artistic creation,Consumer Discretionary,XLY
R,"Arts, entertainment and recreation",90040,Operation of arts facilities,Consumer Discretionary,XLY
R,"Arts, entertainment and recreation",91011,Library activities,Consumer Discretionary,XLY
R,"Arts, entertainment and recreation",91012,Archives activities,Consumer Discretionary,XLY
R,"Arts, entertainment and recreation",91020,Museums activities,Consumer Discretionary,XLY
R,"Arts, entertainment and recreation",91030,Operation of historical sites and buildings and similar visitor attractions,Consumer Discretionary,XLY
R,"Arts, entertainment and recreation",91040,Botanical and zoological gardens and nature reserves activities,Consumer Discretionary,XLY
R,"Arts, entertainment and recreation",92000,Gambling and betting activities,Consumer Discretionary,XLY
R,"Arts, entertainment and recreation",93110,Operation of sports facilities,Consumer Discretionary,XLY
R,"Arts, entertainment and recreation",93120,Activities of sport clubs,Consumer Discretionary,XLY
R,"Arts, entertainment and recreation",93130,Fitness facilities,Consumer Discretionary,XLY
R,"Arts, entertainment and recreation",93191,Activities of racehorse owners,Consumer Discretionary,XLY
R,"Arts, entertainment and recreation",93199,Other sports activities,Consumer Discretionary,XLY
R,"Arts, entertainment and recreation",93210,Activities of amusement parks and theme parks,Consumer Discretionary,XLY
R,"Arts, entertainment and recreation",93290,Other amusement and recreation activities n.e.c.,Consumer Discretionary,XLY
S,Other service activities,94110,Activities of business and employers membership organisations,Consumer Discretionary,XLY
S,Other service activities,94120,Activities of professional membership organisations,Consumer Discretionary,XLY
S,Other service activities,94200,Activities of trade unions,Consumer Discretionary,XLY
S,Other service activities,94910,Activities of religious organisations,Consumer Discretionary,XLY
S,Other service activities,94920,Activities of political organisations,Consumer Discretionary,XLY
S,Other service activities,94990,Activities of other membership organisations n.e.c.,Consumer Discretionary,XLY
S,Other service activities,95110,Repair of computers and peripheral equipment,Consumer Discretionary,XLY
S,Other service activities,95120,Repair of communication equipment,Consumer Discretionary,XLY
S,Other service activities,95210,Repair of consumer electronics,Consumer Discretionary,XLY
S,Other service activities,95220,Repair of household appliances and home and garden equipment,Consumer Discretionary,XLY
S,Other service activities,95230,Repair of footwear and leather goods,Consumer Discretionary,XLY
S,Other service activities,95240,Repair of furniture and home furnishings,Consumer Discretionary,XLY
S,Other service activities,95250,"Repair of watches, clocks and jewellery",Consumer Discretionary,XLY
S,Other service activities,95290,Repair of personal and household goods n.e.c.,Consumer Discretionary,XLY
S,Other service activities,96010,Washing and (dry-)cleaning of textile and fur products,Consumer Discretionary,XLY
S,Other service activities,96020,Hairdressing and other beauty treatment,Consumer Discretionary,XLY
S,Other service activities,96030,Funeral and related activities,Consumer Discretionary,XLY
S,Other service activities,96040,Physical well-being activities,Consumer Discretionary,XLY
S,Other service activities,96090,Other service activities n.e.c.,Consumer Discretionary,XLY
T,Activities of households as employers; undifferentiated goods- and services-producing activities of households for own use,97000,Activities of households as employers of domestic personnel,Consumer Discretionary,XLY
T,Activities of households as employers; undifferentiated goods- and services-producing activities of households for own use,98000,Residents property management,Consumer Discretionary,XLY
T,Activities of households as employers; undifferentiated goods- and services-producing activities of households for own use,98100,Undifferentiated goods-producing activities of private households for own use,Consumer Discretionary,XLY
T,Activities of households as employers; undifferentiated goods- and services-producing activities of households for own use,98200,Undifferentiated service-producing activities of private households for own use,Consumer Discretionary,XLY
U,Activities of extraterritorial organisations and bodies,99000,Activities of extraterritorial organisations and bodies,Industrials,XLI
U,Activities of extraterritorial organisations and bodies,99999,Dormant Company,Industrials,XLI
